host,port,subject_dn,issuer_dn,serial_number,start_date,expiry_date,cert_pem
localhost,443,"CN=None, O=None, C=None","CN=Pebble Intermediate CA 616736, O=None, C=None",1567922707167787112,20240730165149Z,20290730165148Z,"-----BEGIN CERTIFICATE-----
MIIDSjCCAjKgAwIBAgIIFcJhZRwBOGgwDQYJKoZIhvcNAQELBQAwKDEmMCQGA1UE
AxMdUGViYmxlIEludGVybWVkaWF0ZSBDQSA2MTY3MzYwHhcNMjQwNzMwMTY1MTQ5
WhcNMjkwNzMwMTY1MTQ4WjAAMIIBIjANBgkqhkiG9w0BAQEFAAOCAQ8AMIIBCgKC
AQEAs9h6GkFOeFoqR7dO1SiwPw+yiq8naiN+MVnce89xqfDIKxViIx2FlYnD/jB6
3wLT4tY7YjLNFHyBtdNdkbvq24palwl6X1LKMtmZBc0BI1+3fCu7ANQEQ9NlW9SV
xThE3i+mzYGkF7s0870fNYjBGl9gHhMFVGNBlXF80u0g9ZEOhNQheYO8WfayQFTE
9dPVVenyXvMahqMDk4uR1umabVaV64hV2v5yw8WJrfRa5fUw6zNsUcb7tDU90xAm
0IXswUg0DnY6U3vaY8UDd8ygX2ooRIXSdHqjkRna+4s86e0MARW/x7ctsR0B4Rt2
8eBJ3v0/H3RJ9tP1+r0tnuoDvQIDAQABo4GfMIGcMA4GA1UdDwEB/wQEAwIFoDAd
BgNVHSUEFjAUBggrBgEFBQcDAQYIKwYBBQUHAwIwDAYDVR0TAQH/BAIwADAdBgNV
HQ4EFgQUmYOrRwhduUK0nM7IiJL7co02JZUwHwYDVR0jBBgwFoAUo7f07Fu83pmG
CV7RCHnqaaXIuvAwHQYDVR0RAQH/BBMwEYIPbmdpbngubG9jYWxob3N0MA0GCSqG
SIb3DQEBCwUAA4IBAQAAz1CBAsBRDg+7rmH7lzEH/Ko7N5Bezs1OYFesYHKZjY8l
QS9OiV3Y7FbWpOJK3cx0t6N8rlOfXDu8q3fTO+DKrwkfVkoqCzaEIoFwhWVmR8Cv
9sT2IWaK5trD+zYePC7/jxcPaT5JMlPf/UeY5RhxXqgbIiWuKkvN5K+Sqb7Kr75P
NZ32icw4zIEDfT1SQrQfUZv/lZYtFmiWy3YQR0o7EwYLrD8aiCg4U1hFe38ej3LT
uADc3xPgAt4bGNutP5M82Su9JECEhZJIyjlEksb+E5rIBXdSYIKbYy72I99cS7WV
3dtMtVAAYNF0CQ33rQ/H6CQI0UcciCjubrNXhgZY
-----END CERTIFICATE-----
"
localhost,8443,"CN=None, O=None, C=None","CN=Pebble Intermediate CA 616736, O=None, C=None",8727470680419180062,20240730164911Z,20290730164910Z,"-----BEGIN CERTIFICATE-----
MIIDSzCCAjOgAwIBAgIIeR40V/4Fnh4wDQYJKoZIhvcNAQELBQAwKDEmMCQGA1UE
AxMdUGViYmxlIEludGVybWVkaWF0ZSBDQSA2MTY3MzYwHhcNMjQwNzMwMTY0OTEx
WhcNMjkwNzMwMTY0OTEwWjAAMIIBIjANBgkqhkiG9w0BAQEFAAOCAQ8AMIIBCgKC
AQEA00WrLihCa5frSCYD72ZhJjL8Q1aQkhZ3g81wvSgL8jP6W43rMni2gbqn8Buc
63HX2hcGwQfaXw4WWzlOpEMHvrWCzKn3MTD7/8x0o/Z1/mPX3QHqfN886TR/0yeI
ncJgZe2wXxMViTcizEoawbaBkgA3jCHJEjyCi8NxbgbhBOE0Dnz/PopGMcLN8kXu
R54sEFDS1+XXsS1OMpx0qRSPeSVq1rm6Jr+mpm8OuvaKR0OR44pbWjoWkw2t8PaP
Q7roCfhi7wBwgz6G92Q8QIW0jZghs5VdbrLOXUB+dFJqLG04cyGk+fraa8JJyyGI
BB7mP5q9S4wRtxQjzDqNy46dVwIDAQABo4GgMIGdMA4GA1UdDwEB/wQEAwIFoDAd
BgNVHSUEFjAUBggrBgEFBQcDAQYIKwYBBQUHAwIwDAYDVR0TAQH/BAIwADAdBgNV
HQ4EFgQUfWFliPau6gP1cl2IiZXywBuHI7owHwYDVR0jBBgwFoAUo7f07Fu83pmG
CV7RCHnqaaXIuvAwHgYDVR0RAQH/BBQwEoIQYXBhY2hlLmxvY2FsaG9zdDANBgkq
hkiG9w0BAQsFAAOCAQEAu/DeNiwv/+7MoYajcK/oqLm3HR06gmIvWvyaLVWBHjz4
ohRrLpQA7LAklSc5xc1fGrxUMrqpAlYYZSMfphkiwrcTQ6yIeJ/E+LiV7oOQu/3K
63dhjRfbmOuUh+lPi/OI6vbtyD0dcYXphR/Hk8nwJynxBYsd6CX4M91dHlDeAKs7
7VDkad8P1k05nZiirxdwxLY8aetOCi9R5tB6b5JY5/1anl9k29nvpiRvbuzeOipO
czpb6Rs6GnylV1cUUHS3Ko9FK5drX5bVwRc3pLWDAulgYv+czLOGnvn5sGPtp2DZ
XEJZxHB6RZ6ak4UC335hdgz0JSTrhLqVt4UgrGBo3A==
-----END CERTIFICATE-----
"
